2013,United States of America,1
2013,Japan,1
2013,Germany,1
2013,Yemen,1
2013,Afghanistan,4
2013,Somalia,1
2013,Libya,1
2013,China,1
2013,United States,8
2013,Mali,1
2013,Russia,1
2013,Iran,1
2013,Georgia,1
2013,Egypt,1
2013,Israel,1
2013,North Korea,1
2013,Myanmar,1
2013,Mexico,1
2014,United States of America,1
2014,Yemen,1
2014,Afghanistan,6
2014,Somalia,1
2014,China,2
2014,Ukraine,1
2014,United States,6
2014,Mali,1
2014,Russia,1
2014,Iran,10
2014,Iraq,3
2014,Israel,1
2014,Philippines,1
2014,Myanmar,1
2014,Tunisia,1
2009,United States of America,1
2009,Japan,1
2009,Germany,1
2009,Pakistan,1
2009,Afghanistan,2
2009,China,1
2009,United States,4
2009,Iraq,4
2009,Israel,1
2010,United States of America,1
2010,Germany,1
2010,South Korea,1
2010,Afghanistan,3
2010,India,1
2010,China,2
2010,United States,5
2010,Russia,1
2010,Guinea,1
2010,Panama,1
2010,Iran,3
2010,Haiti,2
2010,Iraq,3
2010,Colombia,1
2010,North Korea,1
2011,United States of America,1
2011,Pakistan,1
2011,South Korea,4
2011,Afghanistan,1
2011,India,3
2011,China,4
2011,United States,3
2011,Russia,3
2011,Brazil,1
2011,Panama,1
2011,Iran,1
2011,El Salvador,1
2011,Chile,2
2011,Iraq,3
2011,Colombia,1
2011,Sudan,1
2011,North Korea,2
2011,Tunisia,2
2012,United States of America,1
2012,Germany,1
2012,Yemen,1
2012,Pakistan,1
2012,South Korea,1
2012,Afghanistan,3
2012,China,4
2012,United States,6
2012,Russia,1
2012,Panama,1
2012,Iran,4
2012,Iraq,3
2012,Colombia,1
2012,Israel,1
2012,Myanmar,1
2005,United States of America,1
2005,Palestine,1
2005,Saudi Arabia,2
2005,Pakistan,1
2005,Afghanistan,3
2005,Ukraine,2
2005,United States,4
2005,Iran,1
2005,Morocco,1
2005,Iraq,14
2005,Lebanon,1
2005,Egypt,1
2005,Israel,2
2005,Jordan,1
2005,North Korea,1
2006,United States of America,1
2006,Saudi Arabia,1
2006,Japan,1
2006,Afghanistan,2
2006,India,1
2006,China,1
2006,United States,7
2006,Iran,4
2006,Iraq,6
2006,Lebanon,2
2006,Egypt,2
2006,Israel,1
2006,Zimbabwe,1
2006,North Korea,1
2006,Myanmar,1
2007,United States of America,1
2007,Saudi Arabia,1
2007,Japan,1
2007,South Korea,2
2007,Afghanistan,4
2007,Cuba,1
2007,China,1
2007,United States,7
2007,Russia,2
2007,Belarus,1
2007,Iran,5
2007,Iraq,21
2007,Lebanon,3
2007,Egypt,1
2007,Israel,1
2007,Jordan,1
2007,North Korea,1
2007,Myanmar,1
2007,Congo,1
2008,Canada,1
2008,United States of America,1
2008,Palestine,1
2008,Pakistan,2
2008,South Korea,1
2008,Afghanistan,4
2008,India,1
2008,Peru,1
2008,Cuba,1
2008,China,1
2008,Ukraine,1
2008,United States,4
2008,Panama,1
2008,Belarus,1
2008,Iran,6
2008,Georgia,1
2008,Iraq,22
2008,Lebanon,4
2008,Colombia,2
2008,Sudan,1
2008,Israel,2
2008,Zimbabwe,1
2008,Jordan,1
2008,Myanmar,1
2008,Mexico,1
2001,United States of America,1
2001,United States,1
2002,United States of America,1
2002,Pakistan,1
2002,Afghanistan,13
2002,India,1
2002,Somalia,1
2002,China,1
2002,United States,6
2002,Russia,1
2002,Iran,1
2002,Iraq,1
2002,Philippines,1
2002,North Korea,1
2003,United States of America,1
2003,Palestine,1
2003,Japan,1
2003,Yemen,2
2003,South Korea,2
2003,Afghanistan,3
2003,China,1
2003,United States,9
2003,Russia,2
2003,South Africa,1
2003,Iran,1
2003,Iraq,14
2003,Israel,1
2003,North Korea,2
2004,United States of America,1
2004,Japan,1
2004,Spain,1
2004,Netherlands,1
2004,South Korea,1
2004,Afghanistan,5
2004,Norway,1
2004,Libya,2
2004,Ukraine,1
2004,Indonesia,1
2004,United States,6
2004,Australia,2
2004,Bulgaria,1
2004,Romania,1
2004,Hungary,1
2004,Iran,1
2004,El Salvador,1
2004,Thailand,1
2004,Poland,2
2004,Iraq,17
2004,Italy,1
2004,Denmark,1
2004,Philippines,1
2004,North Korea,1
2004,United Kingdom,2
1997,United States of America,1
1997,South Korea,1
1997,China,6
1997,United States,2
1997,Russia,2
1997,Ireland,1
1997,Haiti,1
1997,Georgia,1
1997,North Korea,2
1997,Mexico,3
1998,United States of America,1
1998,Pakistan,1
1998,South Korea,1
1998,India,1
1998,China,1
1998,Ukraine,1
1998,Indonesia,1
1998,United States,4
1998,Russia,1
1998,Hungary,1
1998,Czech Republic,1
1998,Thailand,1
1998,Poland,1
1998,Iraq,1
1999,United States of America,1
1999,Japan,2
1999,Tanzania,1
1999,Pakistan,1
1999,India,1
1999,Cuba,1
1999,China,5
1999,Dominican Republic,1
1999,Ukraine,1
1999,United States,2
1999,Russia,3
1999,Ireland,2
1999,Nigeria,1
1999,Iraq,4
1999,Kenya,1
1999,Israel,2
1999,Jordan,1
2000,United States of America,1
2000,Pakistan,1
2000,Cyprus,1
2000,Turkey,1
2000,India,1
2000,China,9
2000,Indonesia,1
2000,United States,4
2000,Russia,5
2000,Ireland,1
2000,Nigeria,1
2000,Iran,1
2000,Iraq,1
2000,Colombia,3
2000,North Korea,1
2000,Serbia,1
2000,Greece,1
1993,United States of America,1
1993,United States,4
1994,Canada,1
1994,United States of America,1
1994,South Korea,1
1994,Somalia,1
1994,China,1
1994,Ukraine,2
1994,United States,4
1994,Russia,6
1994,South Africa,1
1994,Belarus,1
1994,Haiti,1
1994,North Korea,1
1995,United States of America,1
1995,Kuwait,1
1995,Rwanda,1
1995,United States,4
1995,South Africa,1
1995,Ireland,1
1995,Haiti,3
1995,Israel,2
1995,Jordan,1
1995,North Korea,1
1995,Mexico,3
1996,United States of America,1
1996,Japan,1
1996,United States,5
1996,Russia,1
1996,Ireland,1
1996,Haiti,1
1996,North Korea,1
1989,Canada,2
1989,United States of America,1
1989,China,1
1989,United States,1
1989,Russia,1
1989,Nicaragua,1
1989,United Kingdom,1
1990,United States of America,1
1990,Germany,1
1990,Slovakia,1
1990,United States,3
1990,Russia,1
1990,Panama,5
1990,Czech Republic,1
1990,Poland,4
1991,United States of America,1
1991,Saudi Arabia,1
1991,Kuwait,2
1991,Germany,2
1991,United States,5
1991,Russia,1
1991,Qatar,1
1991,Iraq,6
1991,Uruguay,1
1991,Israel,1
1992,United States of America,1
1992,Japan,1
1992,Kuwait,1
1992,United States,2
1992,Russia,1
1992,Israel,1
1985,United States of America,1
1985,Afghanistan,1
1985,China,1
1985,United States,2
1985,Russia,1
1985,Nicaragua,2
1986,United States of America,1
1986,Cambodia,1
1986,Afghanistan,1
1986,United States,2
1986,Russia,1
1986,Angola,1
1986,Nicaragua,3
1987,Canada,1
1987,United States of America,1
1987,Ethiopia,1
1987,Afghanistan,3
1987,Libya,1
1987,Cuba,1
1987,United States,6
1987,Russia,1
1987,Angola,1
1987,Nicaragua,3
1987,Iran,1
1987,Uruguay,1
1987,Iceland,1
1988,Canada,1
1988,United States of America,1
1988,Cambodia,1
1988,Afghanistan,2
1988,United States,1
1988,Russia,1
1988,Angola,1
1988,Nicaragua,5
1988,Mexico,1
1981,United States of America,1
1981,Russia,1
1982,United States of America,1
1982,Afghanistan,1
1982,Libya,1
1982,Cuba,1
1982,Russia,1
1982,Poland,3
1982,Philippines,1
1983,United States of America,1
1983,Japan,2
1983,United States,4
1983,Russia,1
1983,Lebanon,1
1984,Canada,1
1984,United States of America,1
1984,Kuwait,1
1984,United States,2
1984,Russia,1
1984,Lebanon,4
1978,United States of America,1
1978,Japan,1
1978,India,1
1978,United States,7
1978,Russia,1
1978,Panama,2
1978,United Kingdom,2
1979,United States of America,1
1979,Japan,1
1979,Cyprus,1
1979,China,1
1979,United States,4
1979,Russia,1
1979,Nicaragua,1
1979,Panama,1
1979,Iran,1
1979,Egypt,1
1979,Taiwan,1
1979,Israel,3
1979,Namibia,1
1980,United States of America,1
1980,Pakistan,3
1980,Afghanistan,8
1980,China,1
1980,United States,13
1980,Russia,1
1980,Iran,4
1980,Egypt,2
1980,Israel,5
1981,Canada,1
1981,United States of America,1
1981,Cambodia,5
1981,Ethiopia,1
1981,Argentina,2
1981,Bolivia,1
1981,Ghana,1
1981,Laos,1
1981,Japan,6
1981,Germany,2
1981,Spain,1
1981,Liberia,2
1981,Jamaica,1
1981,Tanzania,1
1981,New Zealand,2
1981,Pakistan,7
1981,Cyprus,1
1981,Turkey,3
1981,Afghanistan,18
1981,India,2
1981,France,1
1981,Somalia,1
1981,Peru,3
1981,Libya,2
1981,Cuba,2
1981,China,7
1981,Western Sahara,1
1981,United States,68
1981,Australia,2
1981,Russia,2
1981,Angola,1
1981,Portugal,1
1981,Nicaragua,3
1981,Vietnam,1
1981,Mozambique,1
1981,Uganda,1
1981,Brazil,2
1981,Panama,5
1981,Chad,2
1981,Nigeria,5
1981,Ecuador,3
1981,Iran,15
1981,Algeria,2
1981,El Salvador,3
1981,Chile,1
1981,Thailand,2
1981,Haiti,1
1981,Poland,5
1981,Morocco,1
1981,Iraq,5
1981,Uruguay,1
1981,Egypt,7
1981,Colombia,2
1981,Venezuela,2
1981,Israel,11
1981,Zambia,1
1981,Zimbabwe,2
1981,Philippines,1
1981,Trinidad and Tobago,1
1981,Honduras,2
1981,Mexico,8
1981,Tunisia,1
1981,United Kingdom,2
1981,Greece,2
1981,Paraguay,1
1981,Namibia,3
1981,Botswana,1
1978,United States of America,1
1978,Ethiopia,1
1978,Japan,5
1978,Germany,3
1978,Cyprus,3
1978,France,2
1978,Somalia,1
1978,Cuba,1
1978,China,1
1978,United States,26
1978,Australia,1
1978,Russia,1
1978,South Africa,3
1978,Panama,5
1978,Nigeria,1
1978,Belgium,1
1978,Switzerland,2
1978,Zimbabwe,1
1978,United Kingdom,1
1978,Namibia,2
1979,Canada,1
1979,United States of America,1
1979,Saudi Arabia,1
1979,Japan,5
1979,Germany,1
1979,Turkey,2
1979,India,1
1979,Cuba,2
1979,China,7
1979,United States,11
1979,Russia,2
1979,Romania,1
1979,Portugal,1
1979,Nicaragua,1
1979,Hungary,1
1979,Brazil,1
1979,Panama,4
1979,Nigeria,1
1979,Iran,6
1979,Poland,1
1979,Taiwan,1
1979,Venezuela,1
1979,Israel,3
1979,Philippines,1
1979,Mexico,3
1979,Namibia,1
1980,Canada,3
1980,United States of America,1
1980,Cambodia,5
1980,Bolivia,1
1980,Laos,1
1980,Japan,9
1980,Germany,1
1980,Spain,1
1980,Netherlands,1
1980,New Zealand,1
1980,Pakistan,14
1980,Cyprus,1
1980,South Korea,1
1980,Turkey,2
1980,Afghanistan,18
1980,Bangladesh,1
1980,India,2
1980,Somalia,1
1980,Peru,1
1980,Norway,1
1980,Cuba,3
1980,China,14
1980,Western Sahara,1
1980,Finland,1
1980,United States,55
1980,Sweden,1
1980,Australia,2
1980,Russia,2
1980,Portugal,1
1980,Nicaragua,1
1980,Vietnam,1
1980,Brazil,2
1980,Panama,2
1980,Ireland,1
1980,Ecuador,2
1980,Iran,11
1980,Thailand,2
1980,Morocco,2
1980,Egypt,5
1980,Nepal,1
1980,Venezuela,2
1980,Israel,6
1980,Austria,1
1980,Zimbabwe,2
1980,Philippines,1
1980,North Korea,1
1980,Mexico,2
1980,United Kingdom,2
1980,Greece,1
1980,Namibia,2
1981,Canada,1
1981,United States of America,1
1981,Cambodia,5
1981,Ethiopia,1
1981,Argentina,2
1981,Bolivia,1
1981,Ghana,1
1981,Laos,1
1981,Japan,6
1981,Germany,2
1981,Spain,1
1981,Liberia,2
1981,Jamaica,1
1981,Tanzania,1
1981,New Zealand,2
1981,Pakistan,7
1981,Cyprus,1
1981,Turkey,3
1981,Afghanistan,18
1981,India,2
1981,France,1
1981,Somalia,1
1981,Peru,3
1981,Libya,2
1981,Cuba,2
1981,China,7
1981,Western Sahara,1
1981,United States,68
1981,Australia,2
1981,Russia,2
1981,Angola,1
1981,Portugal,1
1981,Nicaragua,3
1981,Vietnam,1
1981,Mozambique,1
1981,Uganda,1
1981,Brazil,2
1981,Panama,5
1981,Chad,2
1981,Nigeria,5
1981,Ecuador,3
1981,Iran,15
1981,Algeria,2
1981,El Salvador,3
1981,Chile,1
1981,Thailand,2
1981,Haiti,1
1981,Poland,5
1981,Morocco,1
1981,Iraq,5
1981,Uruguay,1
1981,Egypt,7
1981,Colombia,2
1981,Venezuela,2
1981,Israel,11
1981,Zambia,1
1981,Zimbabwe,2
1981,Philippines,1
1981,Trinidad and Tobago,1
1981,Honduras,2
1981,Mexico,8
1981,Tunisia,1
1981,United Kingdom,2
1981,Greece,2
1981,Paraguay,1
1981,Namibia,3
1981,Botswana,1
1975,United States of America,1
1975,Japan,2
1975,South Korea,1
1975,China,1
1975,United States,7
1975,Russia,1
1976,United States of America,1
1976,Japan,1
1976,Turkey,1
1976,China,1
1976,United States,7
1976,Angola,2
1976,Colombia,1
1976,Mexico,1
1977,Canada,1
1977,United States of America,1
1977,Cambodia,1
1977,Laos,1
1977,Japan,2
1977,China,1
1977,United States,8
1977,Russia,1
1977,Vietnam,1
1977,Israel,1
1977,United Kingdom,1
1973,United States of America,1
1973,United States,1
1974,United States of America,1
1974,Cambodia,1
1974,Laos,1
1974,China,2
1974,United States,12
1974,Russia,1
1974,Vietnam,1
1973,Canada,1
1973,United States of America,1
1973,United States,6
1973,Russia,1
1974,United States of America,1
1974,Japan,4
1974,China,3
1974,United States,19
1974,Russia,2
1970,United States of America,1
1970,Japan,1
1970,China,1
1970,United States,4
1970,Russia,1
1971,United States of America,1
1971,United States,2
1972,Canada,1
1972,United States of America,1
1972,Japan,1
1972,France,1
1972,China,1
1972,United States,3
1972,Russia,1
1972,Canada,1
1972,United States of America,1
1972,Japan,1
1972,China,1
1972,United States,14
1972,Russia,1
1972,Brazil,1
1965,United States of America,1
1965,Germany,1
1965,United States,3
1965,Russia,1
1966,United States of America,1
1966,Turkey,1
1966,Cuba,2
1966,China,1
1966,United States,5
1966,Russia,1
1966,Taiwan,1
1966,Greece,1
1967,United States of America,1
1967,Slovenia,1
1967,Bosnia and Herzegovina,1
1967,Pakistan,1
1967,India,1
1967,Slovakia,1
1967,Montenegro,1
1967,China,2
1967,United States,3
1967,Russia,2
1967,Bulgaria,2
1967,Romania,1
1967,Hungary,2
1967,Czech Republic,1
1967,Poland,1
1967,Croatia,1
1967,Macedonia,1
1967,North Korea,1
1967,Serbia,1
1968,United States of America,1
1968,Japan,1
1968,Cyprus,1
1968,Turkey,1
1968,China,1
1968,Indonesia,1
1968,United States,4
1968,Russia,1
1968,Greece,1
1969,United States of America,1
1969,Slovakia,1
1969,United States,6
1969,Russia,2
1969,Czech Republic,1
1969,Israel,1
1964,United States of America,1
1964,Viet Nam,1
1964,United States,1
1961,United States of America,1
1961,Viet Nam,1
1961,India,1
1961,Cuba,3
1961,China,1
1961,United States,2
1961,Russia,1
1961,Nigeria,1
1961,Poland,1
1961,Congo,1
1962,United States of America,1
1962,China,1
1962,Dominican Republic,1
1962,United States,7
1962,Russia,1
1962,United Kingdom,1
1962,Congo,2
1963,United States of America,1
1963,Japan,1
1963,Germany,1
1963,South Korea,2
1963,India,2
1963,France,1
1963,Cuba,5
1963,China,2
1963,United States,4
1963,Sweden,1
1963,Russia,1
1963,Guinea,1
1963,North Korea,1
1963,Congo,3
1957,United States of America,1
1957,United States,9
1957,Russia,1
1957,Hungary,1
1958,United States of America,1
1958,South Korea,1
1958,United States,3
1958,Russia,1
1958,North Korea,1
1959,United States of America,1
1959,United States,4
1959,Russia,1
1959,Lebanon,1
1959,Taiwan,1
1960,United States of America,1
1960,Japan,1
1960,United States,9
1960,Russia,1
1960,Antarctica,1
1961,Canada,1
1961,United States of America,1
1961,Japan,1
1961,Guatemala,1
1961,New Zealand,1
1961,South Korea,1
1961,India,1
1961,Cuba,3
1961,China,3
1961,United States,11
1961,Australia,1
1961,Russia,1
1961,Hungary,2
1961,Iran,1
1961,Egypt,1
1961,Austria,1
1961,North Korea,1
1961,Antarctica,1
1961,Congo,1
1961,Canada,1
1961,United States of America,1
1961,Japan,1
1961,Guatemala,1
1961,New Zealand,1
1961,South Korea,1
1961,India,1
1961,Cuba,3
1961,China,3
1961,United States,11
1961,Australia,1
1961,Russia,1
1961,Hungary,2
1961,Iran,1
1961,Egypt,1
1961,Austria,1
1961,North Korea,1
1961,Antarctica,1
1961,Congo,1
1953,United States of America,1
1953,Cambodia,1
1953,Laos,1
1953,Germany,1
1953,South Korea,1
1953,India,1
1953,France,1
1953,China,2
1953,United States,8
1953,Russia,3
1953,Malaysia,2
1953,Vietnam,1
1953,Taiwan,1
1953,North Korea,1
1954,Canada,2
1954,United States of America,1
1954,Germany,2
1954,France,3
1954,China,2
1954,United States,8
1954,Russia,1
1954,Iran,1
1955,United States of America,1
1955,Japan,1
1955,Slovenia,1
1955,Bosnia and Herzegovina,1
1955,Germany,1
1955,New Zealand,1
1955,Pakistan,1
1955,Turkey,2
1955,Montenegro,1
1955,China,2
1955,United States,1
1955,Australia,1
1955,Russia,1
1955,Iran,1
1955,Croatia,1
1955,Egypt,1
1955,Italy,1
1955,Philippines,1
1955,Macedonia,1
1955,Serbia,1
1955,United Kingdom,1
1955,Greece,1
1956,United States of America,1
1956,United States,1
1956,Canada,1
1956,United States of America,1
1956,Japan,1
1956,Germany,1
1956,Pakistan,1
1956,South Korea,1
1956,Turkey,1
1956,China,1
1956,United States,10
1956,Russia,2
1956,Iran,1
1956,Iraq,1
1956,Italy,1
1956,Israel,1
1956,Austria,1
1956,North Korea,1
1956,United Kingdom,1
1956,Greece,1
1949,United States of America,1
1949,United States,5
1950,United States of America,1
1950,Palestine,1
1950,Indonesia,1
1950,United States,5
1951,United States of America,1
1951,Ethiopia,1
1951,Japan,1
1951,Germany,1
1951,India,1
1951,France,1
1951,Slovakia,1
1951,China,3
1951,Indonesia,1
1951,United States,2
1951,Russia,4
1951,Czech Republic,1
1951,Italy,1
1951,Austria,1
1951,Philippines,1
1951,Greece,1
1952,United States of America,1
1952,Cambodia,1
1952,Laos,1
1952,Japan,1
1952,Liberia,1
1952,New Zealand,1
1952,Turkey,2
1952,India,4
1952,United States,2
1952,Australia,1
1952,Russia,1
1952,Malaysia,2
1952,Vietnam,1
1952,Iran,2
1952,Philippines,1
1952,Greece,2
1952,Paraguay,1
1953,United States of America,1
1953,Cambodia,1
1953,Sri Lanka,1
1953,Laos,1
1953,Japan,4
1953,Germany,4
1953,Pakistan,1
1953,Turkey,2
1953,India,1
1953,France,1
1953,Libya,1
1953,China,7
1953,Indonesia,1
1953,United States,12
1953,Russia,2
1953,Malaysia,2
1953,Vietnam,1
1953,Iran,2
1953,Taiwan,1
1953,Italy,1
1953,Israel,1
1953,Philippines,3
1953,Myanmar,1
1953,United Kingdom,1
1953,Greece,3
1953,United States of America,1
1953,Cambodia,1
1953,Sri Lanka,1
1953,Laos,1
1953,Japan,4
1953,Germany,4
1953,Pakistan,1
1953,Turkey,2
1953,India,1
1953,France,1
1953,Libya,1
1953,China,7
1953,Indonesia,1
1953,United States,12
1953,Russia,2
1953,Malaysia,2
1953,Vietnam,1
1953,Iran,2
1953,Taiwan,1
1953,Italy,1
1953,Israel,1
1953,Philippines,3
1953,Myanmar,1
1953,United Kingdom,1
1953,Greece,3
1946,United States of America,1
1946,Palestine,1
1946,Japan,11
1946,Germany,11
1946,Netherlands,1
1946,France,2
1946,China,3
1946,Finland,2
1946,United States,53
1946,Russia,1
1946,Bulgaria,2
1946,Hungary,2
1946,Panama,1
1946,Belgium,1
1946,Italy,3
1946,Austria,1
1946,Philippines,3
1946,Mexico,2
1946,United Kingdom,13
1947,United States of America,1
1947,United States,9
1947,Russia,1
1947,Bulgaria,1
1947,Hungary,1
1947,Italy,1
1947,Austria,1
1948,United States of America,1
1948,Japan,1
1948,Germany,1
1948,Turkey,1
1948,China,1
1948,United States,12
1948,Austria,1
1948,Greece,1
1946,United States of America,1
1946,Palestine,1
1946,Japan,11
1946,Germany,11
1946,Netherlands,1
1946,France,2
1946,China,3
1946,Finland,2
1946,United States,53
1946,Russia,1
1946,Bulgaria,2
1946,Hungary,2
1946,Panama,1
1946,Belgium,1
1946,Italy,3
1946,Austria,1
1946,Philippines,3
1946,Mexico,2
1946,United Kingdom,13
1945,United States of America,1
1945,Japan,2
1945,Germany,3
1945,France,2
1945,China,1
1945,United States,1
1945,Russia,2
1945,Luxembourg,1
1945,Belgium,1
1945,United Kingdom,2
1945,United States of America,1
1945,Japan,8
1945,Slovenia,1
1945,Bosnia and Herzegovina,1
1945,Germany,8
1945,Netherlands,1
1945,France,12
1945,Slovakia,1
1945,Norway,1
1945,Montenegro,1
1945,China,9
1945,Indonesia,1
1945,United States,4
1945,Russia,4
1945,Bulgaria,1
1945,Hungary,1
1945,Guinea,1
1945,Luxembourg,2
1945,Czech Republic,1
1945,Belgium,3
1945,Poland,1
1945,Croatia,1
1945,Italy,6
1945,Philippines,7
1945,Macedonia,1
1945,Myanmar,1
1945,Serbia,1
1945,United Kingdom,2
1945,Greece,1
1941,United States of America,1
1941,Netherlands,1
1941,France,1
1941,Norway,2
1941,Indonesia,1
1941,United States,5
1941,Belgium,1
1941,Mexico,1
1941,United Kingdom,2
1942,United States of America,1
1942,Japan,6
1942,Germany,3
1942,Netherlands,1
1942,France,2
1942,Libya,1
1942,China,6
1942,United States,5
1942,Russia,3
1942,Egypt,1
1942,Italy,3
1942,Philippines,1
1942,United Kingdom,1
1943,United States of America,1
1943,Japan,5
1943,Germany,4
1943,Solomon Islands,1
1943,France,1
1943,Norway,1
1943,Libya,1
1943,China,5
1943,Indonesia,1
1943,United States,3
1943,Russia,2
1943,Malaysia,2
1943,Guinea,1
1943,Poland,1
1943,Egypt,2
1943,Italy,3
1943,Philippines,1
1943,Myanmar,1
1943,Tunisia,1
1943,United Kingdom,2
1944,Canada,1
1944,United States of America,1
1944,Japan,1
1944,Germany,2
1944,New Zealand,1
1944,China,1
1944,Australia,1
1944,Russia,1
1944,Italy,1
1944,Tunisia,1
1944,United Kingdom,1
1937,United States of America,1
1937,Spain,1
1937,United States,5
1938,United States of America,1
1938,United States,10
1939,United States of America,1
1939,United States,3
1940,United States of America,1
1940,United States,11
1934,United States of America,1
1934,Finland,1
1934,United States,2
1935,United States of America,1
1935,United States,3
1936,Canada,1
1936,United States of America,1
1936,United States,13
1929,Canada,2
1929,United States of America,1
1929,Bolivia,1
1929,Japan,1
1929,Guatemala,1
1929,Germany,2
1929,France,2
1929,Peru,1
1929,Cuba,1
1929,China,2
1929,Armenia,1
1929,United States,15
1929,Russia,1
1929,Nicaragua,2
1929,Chile,1
1929,Haiti,3
1929,Italy,1
1929,Austria,2
1929,Honduras,1
1929,Mexico,4
1929,United Kingdom,2
1929,Greece,1
1929,Paraguay,1
1930,United States of America,1
1930,Argentina,2
1930,Bolivia,2
1930,Peru,2
1930,United States,3
1930,Russia,1
1930,Brazil,2
1930,Haiti,1
1930,Mexico,1
1931,Canada,1
1931,United States of America,1
1931,Japan,1
1931,Germany,3
1931,France,1
1931,China,2
1931,United States,2
1931,Nicaragua,1
1931,Panama,1
1931,Haiti,1
1931,Italy,1
1932,Canada,1
1932,United States of America,1
1932,United States,1
1932,Panama,1
1932,United Kingdom,2
1925,Canada,1
1925,United States of America,1
1925,Lithuania,1
1925,Slovenia,1
1925,Bosnia and Herzegovina,1
1925,Liberia,1
1925,New Zealand,1
1925,France,1
1925,Slovakia,1
1925,Montenegro,1
1925,China,1
1925,Armenia,1
1925,Finland,1
1925,United States,6
1925,Australia,1
1925,Russia,1
1925,Nicaragua,1
1925,Hungary,1
1925,Czech Republic,1
1925,Belgium,1
1925,Poland,1
1925,Croatia,1
1925,Estonia,1
1925,Italy,1
1925,Austria,1
1925,Philippines,1
1925,Macedonia,1
1925,Latvia,1
1925,Serbia,1
1925,United Kingdom,2
1925,Greece,1
1926,United States of America,1
1926,Germany,1
1926,France,1
1926,China,6
1926,Indonesia,1
1926,United States,6
1927,Canada,3
1927,United States of America,1
1927,Japan,1
1927,Cuba,3
1927,China,2
1927,United States,9
1927,Nicaragua,1
1927,Panama,2
1927,Mexico,3
1927,United Kingdom,2
1928,Canada,1
1928,United States of America,1
1928,France,1
1928,Peru,1
1928,Cuba,5
1928,China,2
1928,United States,10
1928,Nicaragua,2
1928,Chile,2
1928,Haiti,1
1928,Italy,1
1928,Austria,2
1928,Mexico,2
1923,Canada,1
1923,United States of America,1
1923,Germany,2
1923,France,1
1923,United States,4
1923,Russia,5
1923,Panama,2
1923,Georgia,1
1923,Mexico,1
1923,United Kingdom,2
1924,Canada,1
1924,United States of America,1
1924,Lithuania,1
1924,Finland,1
1924,United States,3
1924,Hungary,1
1924,Poland,1
1924,United Kingdom,2
1924,Canada,1
1924,United States of America,1
1924,Lithuania,1
1924,Finland,1
1924,United States,3
1924,Hungary,1
1924,Poland,1
1924,United Kingdom,2
1921,United States of America,1
1921,United States,1
1921,Russia,4
1922,United States of America,1
1922,United States,5
1917,United States of America,1
1917,Germany,11
1917,Turkey,3
1917,France,1
1917,United States,2
1917,Russia,1
1917,Bulgaria,1
1917,Hungary,5
1917,Belgium,2
1917,Poland,1
1917,Austria,6
1917,Serbia,1
1918,United States of America,1
1918,France,2
1918,Belgium,1
1918,Colombia,1
1919,United States of America,1
1919,United States,3
1919,Russia,1
1920,United States of America,1
1920,Germany,1
1920,Armenia,2
1920,United States,8
1920,United Kingdom,2
1913,United States of America,1
1913,United States,6
1913,Philippines,3
1913,Mexico,6
1914,United States of America,1
1914,United States,7
1914,Philippines,1
1914,United Kingdom,2
1915,United States of America,1
1915,United States,5
1915,Panama,3
1915,Philippines,3
1915,Mexico,4
1916,United States,1
1909,Canada,4
1909,United States of America,1
1909,Bolivia,2
1909,Japan,6
1909,Germany,4
1909,Spain,1
1909,Liberia,5
1909,Netherlands,3
1909,Turkey,2
1909,France,3
1909,Peru,2
1909,Norway,1
1909,Cuba,2
1909,China,8
1909,Dominican Republic,1
1909,United States,51
1909,Sweden,1
1909,Russia,3
1909,Nicaragua,2
1909,Hungary,1
1909,Panama,7
1909,Chile,3
1909,Belgium,2
1909,Thailand,1
1909,Sierra Leone,1
1909,Italy,1
1909,Venezuela,2
1909,Austria,1
1909,Denmark,1
1909,Philippines,3
1909,Mexico,1
1909,United Kingdom,2
1909,Congo,1
1910,Canada,6
1910,United States of America,1
1910,Argentina,1
1910,Japan,4
1910,Germany,1
1910,Liberia,3
1910,Netherlands,1
1910,Turkey,2
1910,France,1
1910,Peru,2
1910,Cuba,1
1910,Montenegro,3
1910,China,19
1910,Indonesia,1
1910,United States,93
1910,Russia,1
1910,Bulgaria,1
1910,Portugal,1
1910,Nicaragua,7
1910,Brazil,1
1910,Panama,12
1910,Ecuador,2
1910,Chile,2
1910,Venezuela,2
1910,Philippines,5
1910,Honduras,3
1910,Mexico,3
1910,United Kingdom,2
1911,United States of America,1
1911,Japan,7
1911,Liberia,1
1911,Netherlands,1
1911,Albania,1
1911,Turkey,6
1911,France,3
1911,Cuba,1
1911,Togo,1
1911,China,10
1911,Dominican Republic,2
1911,United States,60
1911,Australia,1
1911,Russia,5
1911,Nicaragua,4
1911,Panama,12
1911,Chile,3
1911,Thailand,1
1911,Haiti,2
1911,Colombia,2
1911,Italy,2
1911,Venezuela,1
1911,Philippines,1
1911,Honduras,2
1911,Mexico,19
1911,United Kingdom,2
1911,Greece,1
1912,Canada,3
1912,United States of America,1
1912,Bolivia,1
1912,Japan,6
1912,Guatemala,3
1912,Germany,2
1912,Liberia,7
1912,Turkey,4
1912,France,2
1912,Peru,7
1912,Cuba,4
1912,Montenegro,1
1912,China,13
1912,Dominican Republic,5
1912,United States,92
1912,Australia,1
1912,Russia,2
1912,Bulgaria,1
1912,Nicaragua,9
1912,Brazil,2
1912,Panama,21
1912,Ecuador,7
1912,Chile,4
1912,Haiti,2
1912,Uruguay,2
1912,Colombia,1
1912,Italy,3
1912,Venezuela,2
1912,Philippines,2
1912,Honduras,5
1912,Mexico,5
1912,United Kingdom,2
1912,Greece,1
1905,Canada,1
1905,United States of America,1
1905,Japan,2
1905,Germany,1
1905,Cuba,2
1905,China,11
1905,United States,42
1905,Sweden,1
1905,Russia,3
1905,Panama,6
1905,Austria,1
1905,Philippines,7
1905,Mexico,2
1906,Canada,1
1906,United States of America,1
1906,Argentina,2
1906,Bolivia,1
1906,Japan,15
1906,Guatemala,2
1906,Germany,1
1906,Netherlands,1
1906,Peru,1
1906,Cuba,10
1906,United States,37
1906,Russia,5
1906,Brazil,4
1906,Panama,5
1906,Ecuador,1
1906,Chile,1
1906,Georgia,1
1906,Morocco,2
1906,Switzerland,1
1906,Uruguay,1
1906,Colombia,1
1906,Italy,1
1906,Philippines,4
1906,Honduras,2
1906,Mexico,5
1906,United Kingdom,2
1906,Paraguay,1
1907,Canada,3
1907,United States of America,1
1907,Japan,3
1907,Guatemala,1
1907,Germany,8
1907,New Zealand,1
1907,France,1
1907,Cuba,3
1907,China,7
1907,United States,40
1907,Australia,3
1907,Russia,1
1907,Nicaragua,1
1907,Panama,2
1907,Philippines,4
1907,Honduras,2
1907,Mexico,10
1907,United Kingdom,2
1908,United States of America,1
1908,Palestine,1
1908,Japan,5
1908,Germany,1
1908,New Zealand,1
1908,Cuba,2
1908,China,15
1908,United States,23
1908,Australia,1
1908,Panama,6
1908,Philippines,3
1908,Mexico,1
1901,United States of America,1
1901,Germany,2
1901,Spain,2
1901,Cuba,7
1901,China,15
1901,Indonesia,1
1901,United States,25
1901,Italy,1
1901,Philippines,15
1901,Mexico,5
1901,United Kingdom,2
1902,United States of America,1
1902,Cuba,6
1902,China,2
1902,United States,7
1902,Panama,2
1902,Colombia,1
1902,Philippines,2
1902,Mexico,1
1902,United Kingdom,2
1903,United States of America,1
1903,Germany,2
1903,Spain,3
1903,Netherlands,2
1903,France,2
1903,Peru,2
1903,Norway,3
1903,China,5
1903,Finland,1
1903,United States,68
1903,Sweden,3
1903,Russia,4
1903,Nicaragua,2
1903,Panama,43
1903,Belgium,2
1903,Colombia,28
1903,Italy,3
1903,Venezuela,4
1903,Austria,1
1903,Philippines,3
1903,Mexico,5
1903,United Kingdom,2
1904,United States of America,1
1904,Guatemala,1
1904,Germany,1
1904,Spain,2
1904,Turkey,3
1904,India,2
1904,France,1
1904,Cuba,5
1904,China,5
1904,Armenia,1
1904,United States,27
1904,Russia,3
1904,South Africa,1
1904,Panama,1
1904,Ireland,1
1904,Algeria,1
1904,Egypt,1
1904,Taiwan,1
1904,Venezuela,1
1904,Philippines,5
1904,Macedonia,1
1904,United Kingdom,2
1897,Canada,1
1897,United States of America,1
1897,Japan,4
1897,Guatemala,2
1897,Spain,31
1897,France,3
1897,Cuba,27
1897,United States,49
1897,Russia,1
1897,Nicaragua,5
1897,Honduras,3
1897,United Kingdom,2
1898,Canada,2
1898,United States of America,1
1898,Argentina,2
1898,Japan,4
1898,Guatemala,2
1898,Germany,5
1898,Spain,36
1898,Netherlands,1
1898,Turkey,4
1898,France,2
1898,Peru,3
1898,Cuba,43
1898,China,3
1898,Dominican Republic,1
1898,Indonesia,1
1898,United States,99
1898,Russia,2
1898,Nicaragua,8
1898,Hungary,2
1898,Brazil,2
1898,Chile,1
1898,Thailand,1
1898,Haiti,1
1898,Switzerland,2
1898,Uruguay,2
1898,Colombia,4
1898,Italy,3
1898,Venezuela,3
1898,Austria,2
1898,Philippines,3
1898,Honduras,2
1898,Mexico,7
1898,United Kingdom,2
1898,Greece,2
1899,Canada,3
1899,United States of America,1
1899,Argentina,1
1899,Bolivia,3
1899,Japan,5
1899,Germany,9
1899,Spain,18
1899,Jamaica,1
1899,Turkey,4
1899,India,2
1899,France,3
1899,Peru,1
1899,Cuba,23
1899,China,4
1899,Indonesia,1
1899,United States,117
1899,Russia,5
1899,Nicaragua,12
1899,Brazil,1
1899,Panama,4
1899,Chile,3
1899,Belgium,1
1899,Colombia,2
1899,Italy,6
1899,Venezuela,3
1899,Denmark,1
1899,Philippines,18
1899,Honduras,3
1899,Mexico,9
1899,United Kingdom,2
1900,United States of America,1
1900,Bolivia,2
1900,Japan,5
1900,Guatemala,1
1900,Germany,5
1900,Spain,11
1900,Netherlands,2
1900,France,4
1900,Peru,1
1900,Norway,2
1900,Cuba,13
1900,China,20
1900,Armenia,1
1900,Dominican Republic,2
1900,United States,62
1900,Sweden,2
1900,Russia,3
1900,Portugal,3
1900,South Africa,1
1900,Nicaragua,4
1900,Brazil,2
1900,Ecuador,1
1900,Belgium,2
1900,Thailand,1
1900,Haiti,1
1900,Colombia,1
1900,Italy,3
1900,Austria,1
1900,Denmark,2
1900,Philippines,11
1900,Honduras,2
1900,Mexico,4
1900,United Kingdom,2
1893,Canada,1
1893,United States of America,1
1893,Argentina,1
1893,Guatemala,3
1893,Germany,3
1893,Spain,5
1893,Liberia,3
1893,Turkey,3
1893,France,3
1893,Norway,2
1893,Cuba,2
1893,United States,40
1893,Sweden,1
1893,Russia,2
1893,Nicaragua,5
1893,Brazil,3
1893,Ireland,1
1893,Chile,3
1893,Georgia,1
1893,Colombia,1
1893,Italy,1
1893,Venezuela,3
1893,Denmark,1
1893,Honduras,4
1893,Mexico,2
1893,United Kingdom,3
1894,Canada,1
1894,United States of America,1
1894,Japan,4
1894,Germany,3
1894,Spain,3
1894,Turkey,2
1894,France,4
1894,Peru,1
1894,Cuba,1
1894,China,5
1894,United States,43
1894,Sweden,1
1894,Russia,3
1894,Portugal,3
1894,Nicaragua,8
1894,Brazil,3
1894,Ecuador,1
1894,Chile,1
1894,Italy,1
1894,Venezuela,3
1894,Austria,1
1894,Mexico,2
1894,United Kingdom,4
1895,Canada,1
1895,United States of America,1
1895,Japan,6
1895,Guatemala,1
1895,Germany,4
1895,Spain,3
1895,Turkey,5
1895,France,6
1895,Cuba,3
1895,China,6
1895,Armenia,1
1895,United States,58
1895,Russia,5
1895,Nicaragua,9
1895,Brazil,2
1895,Chile,1
1895,Belgium,1
1895,Madagascar,1
1895,Venezuela,8
1895,Mexico,4
1895,United Kingdom,2
1896,United States of America,1
1896,Japan,2
1896,Germany,1
1896,Spain,29
1896,Turkey,6
1896,Cuba,11
1896,United States,37
1896,Sweden,1
1896,Russia,1
1896,Portugal,1
1896,Hungary,1
1896,Ireland,1
1896,Italy,1
1896,Venezuela,2
1896,Austria,1
1896,United Kingdom,2
1889,Canada,2
1889,United States of America,1
1889,Bolivia,2
1889,Japan,2
1889,Germany,3
1889,Spain,2
1889,Turkey,2
1889,India,1
1889,France,2
1889,Peru,2
1889,Cuba,1
1889,China,3
1889,United States,33
1889,Russia,1
1889,Portugal,2
1889,Nicaragua,2
1889,Brazil,3
1889,Ecuador,1
1889,Belgium,1
1889,Switzerland,1
1889,Uruguay,1
1889,Italy,2
1889,Venezuela,2
1889,Honduras,1
1889,Mexico,1
1889,United Kingdom,2
1889,Paraguay,1
1890,United States of America,1
1890,Japan,2
1890,Guatemala,3
1890,Germany,1
1890,Spain,2
1890,Netherlands,1
1890,New Zealand,1
1890,Peru,1
1890,Norway,1
1890,Cuba,1
1890,China,2
1890,United States,36
1890,Sweden,2
1890,Australia,2
1890,Russia,1
1890,Portugal,3
1890,Nicaragua,1
1890,Brazil,2
1890,Panama,1
1890,Chile,1
1890,Italy,1
1890,Venezuela,2
1890,Mexico,4
1890,United Kingdom,2
1891,Canada,7
1891,United States of America,1
1891,Japan,1
1891,Germany,4
1891,Spain,6
1891,India,2
1891,France,2
1891,Norway,1
1891,China,5
1891,Indonesia,1
1891,United States,58
1891,Sweden,1
1891,Australia,1
1891,Russia,3
1891,Nicaragua,1
1891,Brazil,4
1891,Ecuador,1
1891,Chile,8
1891,Belgium,1
1891,Switzerland,1
1891,Colombia,1
1891,Italy,3
1891,Venezuela,1
1891,Austria,1
1891,Denmark,1
1891,Mexico,5
1891,United Kingdom,2
1892,Canada,12
1892,United States of America,1
1892,Japan,3
1892,Guatemala,2
1892,Germany,4
1892,Spain,2
1892,Liberia,1
1892,Turkey,1
1892,Cuba,2
1892,China,3
1892,Dominican Republic,1
1892,United States,41
1892,Nicaragua,3
1892,Hungary,3
1892,Brazil,1
1892,Chile,3
1892,Italy,4
1892,Austria,3
1892,Honduras,2
1892,Mexico,1
1892,United Kingdom,2
1885,Canada,2
1885,United States of America,1
1885,Bolivia,1
1885,Japan,4
1885,Guatemala,1
1885,Germany,6
1885,Spain,8
1885,South Korea,1
1885,Turkey,4
1885,India,1
1885,France,4
1885,Peru,3
1885,Norway,1
1885,Cuba,1
1885,China,7
1885,Dominican Republic,1
1885,United States,69
1885,Sweden,1
1885,Russia,3
1885,Portugal,2
1885,Nicaragua,2
1885,Hungary,2
1885,Panama,2
1885,Bahamas,1
1885,Ecuador,1
1885,Chile,3
1885,Belgium,2
1885,Thailand,1
1885,Morocco,1
1885,Colombia,4
1885,Italy,1
1885,Venezuela,2
1885,Austria,3
1885,Denmark,1
1885,North Korea,1
1885,Mexico,10
1885,United Kingdom,2
1886,Canada,1
1886,United States of America,1
1886,Bolivia,1
1886,Japan,4
1886,Germany,2
1886,Spain,5
1886,Liberia,3
1886,Netherlands,1
1886,Turkey,1
1886,France,1
1886,Peru,2
1886,Cuba,1
1886,China,2
1886,Indonesia,1
1886,United States,37
1886,Brazil,1
1886,Panama,2
1886,Chile,1
1886,Venezuela,2
1886,Mexico,12
1886,United Kingdom,2
1887,United States of America,1
1887,United States,1
1888,Canada,5
1888,United States of America,1
1888,Bolivia,1
1888,Japan,3
1888,Germany,1
1888,France,3
1888,Peru,2
1888,China,1
1888,United States,23
1888,Russia,1
1888,Nicaragua,1
1888,Brazil,1
1888,Bahamas,1
1888,Ecuador,1
1888,Chile,1
1888,Venezuela,2
1888,Denmark,1
1888,Honduras,1
1888,Mexico,4
1888,United Kingdom,2
1881,United States of America,1
1881,Bolivia,2
1881,Japan,5
1881,Guatemala,2
1881,Germany,1
1881,Spain,3
1881,New Zealand,1
1881,Turkey,1
1881,France,1
1881,Peru,1
1881,Norway,1
1881,China,3
1881,Indonesia,1
1881,United States,36
1881,Sweden,1
1881,Australia,1
1881,Russia,1
1881,Portugal,1
1881,Hungary,1
1881,Brazil,1
1881,Panama,3
1881,Ecuador,2
1881,Chile,2
1881,Belgium,1
1881,Switzerland,1
1881,Uruguay,1
1881,Colombia,6
1881,Italy,2
1881,Venezuela,3
1881,Austria,1
1881,Denmark,1
1881,Mexico,5
1881,United Kingdom,2
1881,Greece,1
1881,Paraguay,1
1882,United States of America,1
1882,Bolivia,2
1882,Japan,2
1882,Guatemala,1
1882,Spain,2
1882,Liberia,1
1882,Netherlands,1
1882,Turkey,2
1882,France,2
1882,Peru,3
1882,China,3
1882,United States,18
1882,Russia,3
1882,Hungary,1
1882,Brazil,1
1882,Ireland,1
1882,Chile,7
1882,Belgium,1
1882,Thailand,1
1882,Sierra Leone,1
1882,Georgia,1
1882,Switzerland,3
1882,Egypt,1
1882,Madagascar,1
1882,Italy,1
1882,Venezuela,3
1882,Austria,1
1882,Denmark,1
1882,Mexico,5
1882,United Kingdom,2
1882,Greece,1
1883,Canada,1
1883,United States of America,1
1883,Bolivia,1
1883,Japan,3
1883,Germany,1
1883,Spain,2
1883,Liberia,2
1883,Turkey,3
1883,France,3
1883,Peru,2
1883,Norway,1
1883,Cuba,3
1883,China,6
1883,Indonesia,1
1883,United States,24
1883,Sweden,1
1883,Bulgaria,1
1883,Brazil,3
1883,Chile,4
1883,Belgium,1
1883,Thailand,1
1883,Switzerland,2
1883,Egypt,1
1883,Madagascar,1
1883,Italy,1
1883,Venezuela,2
1883,Austria,1
1883,Denmark,1
1883,Mexico,8
1883,United Kingdom,2
1884,United States of America,1
1884,Japan,4
1884,Germany,3
1884,Spain,1
1884,Turkey,1
1884,France,3
1884,Peru,1
1884,Cuba,2
1884,China,3
1884,Dominican Republic,1
1884,Indonesia,1
1884,United States,29
1884,Russia,1
1884,Nicaragua,2
1884,Chile,1
1884,Belgium,2
1884,Thailand,1
1884,Morocco,1
1884,Egypt,2
1884,Italy,1
1884,Venezuela,2
1884,Austria,1
1884,Mexico,2
1884,United Kingdom,2
1877,United States of America,1
1877,Guatemala,2
1877,Germany,2
1877,Spain,1
1877,Turkey,1
1877,France,1
1877,Cuba,2
1877,United States,36
1877,Russia,1
1877,Brazil,1
1877,Italy,2
1877,Venezuela,3
1877,Mexico,7
1877,United Kingdom,2
1878,United States of America,1
1878,Bolivia,1
1878,Japan,2
1878,Spain,1
1878,Cuba,1
1878,United States,22
1878,Brazil,1
1878,Colombia,1
1878,Italy,1
1878,Mexico,3
1878,Paraguay,1
1879,United States of America,1
1879,Bolivia,1
1879,Japan,3
1879,Spain,1
1879,Netherlands,2
1879,Turkey,1
1879,India,1
1879,France,4
1879,Peru,1
1879,China,3
1879,Indonesia,1
1879,United States,45
1879,Australia,2
1879,Russia,2
1879,Portugal,1
1879,Nicaragua,1
1879,Brazil,1
1879,Chile,2
1879,Belgium,1
1879,Switzerland,1
1879,Egypt,2
1879,Colombia,1
1879,Italy,1
1879,Venezuela,1
1879,Austria,1
1879,Denmark,1
1879,Mexico,4
1879,United Kingdom,3
1879,Greece,1
1880,United States of America,1
1880,Bolivia,2
1880,Japan,4
1880,Guatemala,1
1880,Germany,1
1880,Spain,4
1880,Netherlands,1
1880,Turkey,1
1880,France,1
1880,Peru,1
1880,Norway,1
1880,China,3
1880,Indonesia,1
1880,United States,43
1880,Sweden,1
1880,Australia,3
1880,Russia,1
1880,Portugal,1
1880,Nicaragua,1
1880,Hungary,1
1880,Brazil,2
1880,Panama,2
1880,Chile,1
1880,Belgium,2
1880,Morocco,3
1880,Switzerland,1
1880,Egypt,2
1880,Colombia,4
1880,Venezuela,1
1880,Austria,1
1880,Denmark,1
1880,Mexico,5
1880,United Kingdom,2
1880,Greece,1
1873,Canada,1
1873,United States of America,1
1873,Bolivia,1
1873,Japan,2
1873,Germany,3
1873,Spain,5
1873,Netherlands,1
1873,Turkey,1
1873,France,2
1873,Norway,1
1873,Cuba,9
1873,China,1
1873,United States,46
1873,Sweden,1
1873,Russia,2
1873,Brazil,1
1873,Ecuador,1
1873,Belgium,1
1873,Egypt,1
1873,Italy,2
1873,Denmark,1
1873,Mexico,2
1873,United Kingdom,2
1874,United States of America,1
1874,Japan,6
1874,Germany,1
1874,Spain,6
1874,Turkey,1
1874,France,2
1874,Peru,2
1874,Cuba,1
1874,China,3
1874,United States,32
1874,Russia,2
1874,Ecuador,1
1874,Belgium,2
1874,Georgia,1
1874,Switzerland,2
1874,Taiwan,1
1874,Venezuela,1
1874,Mexico,4
1874,United Kingdom,2
1875,United States of America,1
1875,Spain,10
1875,Turkey,1
1875,France,3
1875,Cuba,11
1875,United States,58
1875,Portugal,1
1875,Chile,1
1875,Belgium,1
1875,Colombia,1
1875,Venezuela,1
1875,Mexico,5
1875,United Kingdom,2
1876,United States of America,1
1876,Bolivia,1
1876,Germany,1
1876,Spain,1
1876,Turkey,1
1876,Cuba,4
1876,United States,45
1876,Russia,1
1876,Portugal,1
1876,Brazil,1
1876,Ecuador,1
1876,Switzerland,1
1876,Egypt,3
1876,Colombia,2
1876,Venezuela,2
1876,Denmark,1
1876,Mexico,6
1876,United Kingdom,2
1876,Greece,1
1876,Paraguay,1
1869,Canada,1
1869,United States of America,1
1869,Japan,1
1869,Germany,1
1869,Spain,11
1869,France,2
1869,Peru,4
1869,Cuba,8
1869,China,3
1869,United States,40
1869,Russia,1
1869,Nicaragua,1
1869,Chile,1
1869,Georgia,2
1869,Colombia,1
1869,United Kingdom,2
1869,Paraguay,1
1870,Canada,8
1870,United States of America,1
1870,Bolivia,2
1870,Japan,2
1870,Germany,3
1870,Spain,10
1870,India,1
1870,France,5
1870,Peru,1
1870,Cuba,7
1870,China,4
1870,Dominican Republic,1
1870,United States,57
1870,Portugal,2
1870,Brazil,4
1870,Panama,1
1870,Bahamas,1
1870,Ecuador,2
1870,Chile,2
1870,Georgia,2
1870,Uruguay,2
1870,Colombia,1
1870,Venezuela,2
1870,Mexico,1
1870,United Kingdom,2
1870,Paraguay,2
1871,United States of America,1
1871,Japan,6
1871,Germany,3
1871,Spain,4
1871,South Korea,1
1871,India,1
1871,France,3
1871,Cuba,4
1871,China,4
1871,United States,34
1871,Russia,1
1871,Nicaragua,1
1871,Brazil,3
1871,Italy,3
1871,North Korea,1
1871,Mexico,2
1871,United Kingdom,2
1872,Canada,1
1872,United States of America,1
1872,Japan,5
1872,Germany,3
1872,Spain,4
1872,New Zealand,2
1872,India,1
1872,France,2
1872,Norway,1
1872,Cuba,5
1872,China,4
1872,United States,44
1872,Sweden,1
1872,Australia,1
1872,Russia,2
1872,Brazil,5
1872,Panama,1
1872,Switzerland,1
1872,Venezuela,1
1872,Mexico,5
1872,United Kingdom,2
1865,United States of America,1
1865,Spain,1
1865,France,2
1865,China,1
1865,United States,43
1865,Russia,1
1865,Brazil,1
1865,Mexico,2
1865,United Kingdom,2
1866,Canada,2
1866,United States of America,1
1866,Germany,1
1866,France,8
1866,United States,32
1866,Russia,1
1866,Ireland,5
1866,Italy,1
1866,Austria,1
1866,Mexico,10
1866,United Kingdom,3
1866,Greece,1
1867,United States of America,1
1867,Germany,1
1867,Spain,4
1867,Netherlands,1
1867,India,2
1867,France,1
1867,Indonesia,1
1867,United States,16
1867,Sweden,1
1867,Russia,3
1867,Brazil,2
1867,Ireland,1
1867,Chile,1
1867,Belgium,1
1867,Switzerland,1
1867,Italy,1
1867,Denmark,1
1867,Mexico,1
1867,United Kingdom,3
1867,Paraguay,1
1868,United States of America,1
1868,Bolivia,3
1868,Japan,1
1868,Guatemala,1
1868,Germany,3
1868,Spain,5
1868,Liberia,1
1868,Netherlands,3
1868,Turkey,2
1868,France,4
1868,Peru,4
1868,Norway,1
1868,Cuba,2
1868,Indonesia,1
1868,United States,38
1868,Sweden,1
1868,Russia,1
1868,Portugal,1
1868,Nicaragua,1
1868,Malaysia,1
1868,Brazil,2
1868,Ecuador,3
1868,Chile,2
1868,Belgium,4
1868,Thailand,1
1868,Morocco,1
1868,Switzerland,2
1868,Egypt,1
1868,Colombia,1
1868,Madagascar,1
1868,Italy,4
1868,Venezuela,2
1868,Austria,1
1868,Denmark,3
1868,Honduras,1
1868,Mexico,6
1868,United Kingdom,2
1868,Greece,1
1868,Paraguay,8
1861,United States of America,1
1861,Liberia,1
1861,China,2
1861,United States,9
1861,Lebanon,1
1861,Mexico,1
1862,United States of America,1
1862,Japan,1
1862,Germany,1
1862,Spain,2
1862,Liberia,2
1862,Netherlands,1
1862,Turkey,2
1862,France,2
1862,Peru,1
1862,China,1
1862,United States,27
1862,Sweden,1
1862,Russia,1
1862,Portugal,1
1862,Nicaragua,1
1862,Chile,1
1862,Morocco,1
1862,Egypt,1
1862,Italy,1
1862,Austria,1
1862,Denmark,1
1862,Honduras,1
1862,Mexico,1
1862,United Kingdom,2
1863,United States of America,1
1863,Japan,2
1863,Spain,1
1863,Turkey,1
1863,France,1
1863,Peru,2
1863,Cuba,1
1863,China,1
1863,United States,27
1863,Russia,1
1863,Nicaragua,1
1863,Chile,2
1863,Morocco,1
1863,Egypt,1
1863,Colombia,1
1863,Denmark,1
1863,Mexico,4
1863,United Kingdom,2
1864,Canada,2
1864,United States of America,1
1864,Bolivia,1
1864,Japan,2
1864,Spain,1
1864,Liberia,1
1864,Peru,2
1864,China,2
1864,United States,16
1864,Russia,2
1864,Nicaragua,1
1864,Chile,2
1864,Egypt,2
1864,Colombia,1
1864,Venezuela,1
1864,Mexico,1
1864,United Kingdom,2
1864,Paraguay,1
1857,United States of America,1
1857,Spain,3
1857,France,5
1857,Cuba,1
1857,China,5
1857,United States,43
1857,Russia,1
1857,Nicaragua,2
1857,Brazil,1
1857,Panama,3
1857,Honduras,21
1857,Mexico,1
1857,United Kingdom,2
1857,Paraguay,4
1858,United States of America,1
1858,Japan,2
1858,Spain,11
1858,Liberia,2
1858,France,5
1858,Cuba,13
1858,China,3
1858,United States,68
1858,Russia,1
1858,Nicaragua,14
1858,Brazil,6
1858,Panama,5
1858,Mexico,16
1858,United Kingdom,2
1858,Paraguay,3
1859,United States of America,1
1859,Spain,3
1859,France,3
1859,Cuba,2
1859,China,4
1859,United States,29
1859,Russia,2
1859,Nicaragua,4
1859,Panama,1
1859,Georgia,1
1859,Honduras,1
1859,Mexico,27
1859,United Kingdom,2
1859,Paraguay,6
1860,United States of America,1
1860,Japan,2
1860,Spain,8
1860,France,8
1860,Cuba,3
1860,China,3
1860,United States,40
1860,Russia,2
1860,Nicaragua,3
1860,Brazil,2
1860,Panama,1
1860,Austria,1
1860,Honduras,4
1860,Mexico,12
1860,United Kingdom,2
1853,United States of America,1
1853,Japan,2
1853,Spain,5
1853,Turkey,1
1853,France,1
1853,Peru,2
1853,Cuba,5
1853,China,2
1853,United States,29
1853,Nicaragua,1
1853,Brazil,3
1853,Austria,5
1853,Mexico,5
1853,United Kingdom,2
1853,Paraguay,1
1854,Canada,1
1854,United States of America,1
1854,Japan,1
1854,Germany,1
1854,Spain,4
1854,France,6
1854,United States,42
1854,Russia,1
1854,Nicaragua,4
1854,Brazil,1
1854,Uruguay,1
1854,Denmark,4
1854,Mexico,5
1854,United Kingdom,2
1854,Paraguay,1
1855,Canada,1
1855,United States of America,1
1855,Spain,9
1855,Jamaica,1
1855,France,3
1855,Cuba,2
1855,United States,64
1855,Russia,3
1855,Nicaragua,8
1855,Denmark,7
1855,Honduras,3
1855,Mexico,7
1855,United Kingdom,2
1855,Greece,1
1856,United States of America,1
1856,Germany,1
1856,Spain,1
1856,Turkey,2
1856,France,7
1856,Cuba,1
1856,United States,59
1856,Russia,3
1856,Nicaragua,4
1856,Panama,12
1856,Austria,1
1856,Denmark,3
1856,Honduras,1
1856,Mexico,5
1856,United Kingdom,2
1850,Canada,1
1850,United States of America,1
1850,Spain,1
1850,France,1
1850,United States,23
1850,Portugal,2
1850,Nicaragua,2
1850,Brazil,1
1850,Mexico,11
1850,United Kingdom,2
1851,Canada,1
1851,United States of America,1
1851,Spain,3
1851,India,1
1851,France,2
1851,Cuba,8
1851,China,3
1851,United States,51
1851,Portugal,2
1851,Nicaragua,1
1851,Panama,1
1851,Mexico,17
1851,United Kingdom,2
1852,United States of America,1
1852,Japan,3
1852,Spain,1
1852,Liberia,1
1852,Netherlands,1
1852,France,6
1852,Peru,3
1852,Cuba,4
1852,China,2
1852,United States,28
1852,Nicaragua,4
1852,Uruguay,1
1852,Venezuela,1
1852,Mexico,11
1852,United Kingdom,2
1849,United States of America,1
1849,Germany,3
1849,Spain,1
1849,Netherlands,1
1849,France,2
1849,Cuba,2
1849,United States,28
1849,Sweden,1
1849,Russia,2
1849,Portugal,3
1849,Nicaragua,4
1849,Hungary,2
1849,Brazil,2
1849,Panama,4
1849,Belgium,1
1849,Venezuela,1
1849,Austria,2
1849,Denmark,3
1849,Mexico,15
1849,United Kingdom,2
1849,United States of America,1
1849,Germany,3
1849,Spain,1
1849,Netherlands,1
1849,France,2
1849,Cuba,2
1849,United States,28
1849,Sweden,1
1849,Russia,2
1849,Portugal,3
1849,Nicaragua,4
1849,Hungary,2
1849,Brazil,2
1849,Panama,4
1849,Belgium,1
1849,Venezuela,1
1849,Austria,2
1849,Denmark,3
1849,Mexico,15
1849,United Kingdom,2
1845,Canada,1
1845,United States of America,1
1845,Germany,1
1845,Spain,5
1845,Netherlands,4
1845,India,1
1845,France,2
1845,Cuba,1
1845,China,2
1845,United States,75
1845,Portugal,5
1845,Brazil,1
1845,Mexico,41
1845,United Kingdom,2
1846,United States of America,1
1846,Spain,16
1846,France,5
1846,Cuba,2
1846,United States,101
1846,Belgium,1
1846,Mexico,158
1846,United Kingdom,2
1847,United States of America,1
1847,Bolivia,1
1847,Guatemala,1
1847,Spain,1
1847,France,1
1847,Peru,1
1847,China,7
1847,United States,67
1847,Brazil,1
1847,Panama,1
1847,Ecuador,1
1847,Morocco,1
1847,Mexico,107
1847,United Kingdom,2
1848,United States of America,1
1848,Germany,3
1848,France,1
1848,Peru,3
1848,China,2
1848,United States,46
1848,Russia,1
1848,Panama,4
1848,Belgium,1
1848,Georgia,1
1848,Mexico,54
1848,United Kingdom,2
1841,Canada,5
1841,United States of America,1
1841,Spain,2
1841,Peru,1
1841,United States,26
1841,Ecuador,1
1841,Belgium,2
1841,United Kingdom,2
1842,United States of America,1
1842,Spain,1
1842,United States,27
1842,Brazil,1
1842,Ecuador,1
1842,Chile,2
1842,Mexico,7
1842,United Kingdom,2
1843,United States of America,1
1843,Spain,1
1843,France,1
1843,Peru,1
1843,China,3
1843,United States,29
1843,Russia,1
1843,Brazil,1
1843,Egypt,1
1843,Colombia,1
1843,Austria,1
1843,Mexico,20
1843,United Kingdom,2
1844,United States of America,1
1844,Germany,1
1844,Spain,2
1844,Netherlands,1
1844,France,1
1844,Peru,1
1844,United States,34
1844,Russia,1
1844,Brazil,1
1844,Belgium,2
1844,Venezuela,1
1844,Austria,1
1844,Mexico,26
1844,United Kingdom,2
1837,United States of America,1
1837,Germany,1
1837,Spain,3
1837,Turkey,1
1837,India,1
1837,France,2
1837,Peru,3
1837,Cuba,1
1837,United States,30
1837,Sweden,1
1837,Russia,1
1837,Portugal,4
1837,Brazil,1
1837,Ecuador,1
1837,Belgium,1
1837,Thailand,1
1837,Colombia,2
1837,Venezuela,1
1837,Austria,2
1837,Denmark,1
1837,Mexico,3
1837,United Kingdom,2
1837,Greece,1
1838,Canada,4
1838,United States of America,1
1838,France,2
1838,Peru,1
1838,Norway,1
1838,China,1
1838,United States,58
1838,Sweden,1
1838,Russia,3
1838,Brazil,1
1838,Belgium,1
1838,Austria,1
1838,Mexico,4
1838,United Kingdom,2
1838,Greece,1
1839,Canada,1
1839,United States of America,1
1839,Bolivia,1
1839,Germany,1
1839,Spain,1
1839,Netherlands,3
1839,Turkey,1
1839,France,1
1839,Peru,2
1839,United States,17
1839,Sweden,1
1839,Russia,1
1839,Portugal,2
1839,Brazil,1
1839,Ecuador,2
1839,Belgium,1
1839,Uruguay,1
1839,Colombia,1
1839,Venezuela,2
1839,Austria,1
1839,Denmark,1
1839,Mexico,5
1839,United Kingdom,2
1840,United States of America,1
1840,Japan,1
1840,Germany,2
1840,New Zealand,2
1840,France,1
1840,China,1
1840,United States,16
1840,Russia,1
1840,Portugal,1
1840,Brazil,2
1840,Belgium,1
1840,Georgia,1
1840,Colombia,1
1840,Austria,1
1840,Mexico,4
1840,United Kingdom,2
1833,United States of America,1
1833,Bolivia,1
1833,Spain,10
1833,France,3
1833,Peru,1
1833,Cuba,1
1833,United States,44
1833,Russia,1
1833,Portugal,3
1833,Brazil,1
1833,Bahamas,1
1833,Belgium,1
1833,Colombia,2
1833,Venezuela,1
1833,Denmark,1
1833,United Kingdom,2
1834,United States of America,1
1834,Germany,1
1834,Spain,2
1834,France,31
1834,Peru,1
1834,Cuba,1
1834,United States,48
1834,Sweden,1
1834,Russia,1
1834,Portugal,2
1834,Brazil,2
1834,Belgium,2
1834,Morocco,1
1834,Colombia,2
1834,Venezuela,2
1834,Austria,1
1834,Denmark,1
1834,Mexico,2
1834,United Kingdom,2
1835,United States of America,1
1835,Germany,1
1835,Spain,6
1835,France,26
1835,Peru,1
1835,Cuba,1
1835,United States,42
1835,Sweden,1
1835,Russia,1
1835,Portugal,2
1835,Brazil,1
1835,Chile,1
1835,Belgium,1
1835,Georgia,1
1835,Morocco,1
1835,Venezuela,1
1835,Austria,1
1835,Denmark,1
1835,Mexico,2
1835,United Kingdom,2
1836,United States of America,1
1836,Germany,1
1836,Spain,2
1836,Turkey,1
1836,France,1
1836,Indonesia,1
1836,United States,28
1836,Sweden,1
1836,Russia,1
1836,Portugal,1
1836,Brazil,1
1836,Belgium,1
1836,Thailand,1
1836,Georgia,1
1836,Morocco,1
1836,Austria,1
1836,Denmark,1
1836,Mexico,7
1829,United States of America,1
1829,Spain,4
1829,Turkey,1
1829,India,1
1829,France,3
1829,Peru,1
1829,United States,23
1829,Russia,2
1829,Portugal,1
1829,Brazil,1
1829,Georgia,3
1829,Austria,1
1829,Denmark,1
1829,Mexico,5
1829,United Kingdom,2
1830,United States of America,1
1830,Spain,2
1830,Turkey,3
1830,India,3
1830,France,4
1830,United States,32
1830,Russia,1
1830,Portugal,1
1830,Georgia,1
1830,Austria,2
1830,Denmark,1
1830,Mexico,5
1830,United Kingdom,2
1831,Canada,2
1831,United States of America,1
1831,Germany,2
1831,Spain,5
1831,Netherlands,2
1831,France,4
1831,Peru,1
1831,China,1
1831,Indonesia,1
1831,United States,9
1831,Sweden,2
1831,Portugal,1
1831,Brazil,1
1831,Georgia,2
1831,Colombia,1
1831,Austria,1
1831,Denmark,2
1831,Mexico,2
1831,United Kingdom,2
1832,United States of America,1
1832,Bolivia,1
1832,Spain,3
1832,Peru,2
1832,United States,12
1832,Russia,1
1832,Portugal,1
1832,Brazil,1
1832,Georgia,2
1832,Colombia,1
1832,Austria,1
1832,Denmark,1
1832,Mexico,2
1832,United Kingdom,2
1825,United States of America,1
1825,Germany,1
1825,Spain,1
1825,Netherlands,2
1825,India,1
1825,France,8
1825,Peru,1
1825,China,1
1825,Indonesia,1
1825,United States,21
1825,Sweden,2
1825,Russia,2
1825,Panama,1
1825,Chile,1
1825,Georgia,1
1825,Colombia,2
1825,Denmark,2
1825,Mexico,4
1825,United Kingdom,2
1826,United States of America,1
1826,Germany,1
1826,Spain,3
1826,Netherlands,7
1826,India,2
1826,France,3
1826,Indonesia,1
1826,United States,38
1826,Sweden,2
1826,Russia,1
1826,Portugal,1
1826,Brazil,1
1826,Panama,2
1826,Denmark,2
1826,Mexico,2
1826,United Kingdom,2
1827,United States of America,1
1827,Spain,1
1827,France,6
1827,United States,30
1827,Sweden,1
1827,Brazil,2
1827,Panama,1
1827,Mexico,2
1827,United Kingdom,2
1828,United States of America,1
1828,Germany,1
1828,Spain,1
1828,Netherlands,2
1828,Turkey,1
1828,France,5
1828,Peru,1
1828,United States,24
1828,Sweden,2
1828,Russia,3
1828,Hungary,1
1828,Brazil,2
1828,Colombia,2
1828,Austria,2
1828,Denmark,2
1828,United Kingdom,2
1828,Greece,1
1821,United States of America,1
1821,Germany,1
1821,Spain,11
1821,Netherlands,2
1821,France,9
1821,Norway,2
1821,Cuba,2
1821,Indonesia,1
1821,United States,34
1821,Sweden,2
1821,Russia,1
1821,Colombia,1
1821,Mexico,1
1821,United Kingdom,2
1822,United States of America,1
1822,Spain,5
1822,Turkey,1
1822,France,4
1822,Indonesia,1
1822,United States,19
1822,Russia,2
1822,Portugal,2
1822,Brazil,1
1822,United Kingdom,2
1822,Greece,2
1823,United States of America,1
1823,Spain,10
1823,France,5
1823,Cuba,2
1823,Indonesia,1
1823,United States,24
1823,Russia,2
1823,Portugal,2
1823,Chile,1
1823,Colombia,2
1823,Mexico,2
1823,United Kingdom,2
1823,Greece,1
1824,United States of America,1
1824,Guatemala,1
1824,Germany,1
1824,Spain,7
1824,Netherlands,1
1824,Turkey,1
1824,France,6
1824,Cuba,1
1824,Indonesia,1
1824,United States,20
1824,Sweden,2
1824,Russia,3
1824,Portugal,4
1824,Brazil,3
1824,Chile,1
1824,Colombia,2
1824,Denmark,1
1824,Mexico,3
1824,United Kingdom,2
1824,Greece,3
1817,Spain,4
1817,United States,17
1817,Georgia,3
1817,Mexico,2
1817,United Kingdom,2
1818,United States of America,1
1818,Spain,26
1818,France,1
1818,United States,23
1818,Russia,1
1818,Portugal,1
1818,Venezuela,2
1818,Mexico,1
1818,United Kingdom,2
1818,Paraguay,1
1819,United States of America,1
1819,Spain,31
1819,France,1
1819,Indonesia,1
1819,United States,31
1819,Russia,1
1819,Venezuela,1
1819,Mexico,1
1819,United Kingdom,2
1820,United States of America,1
1820,Spain,8
1820,France,4
1820,Indonesia,1
1820,United States,16
1820,Russia,1
1820,Venezuela,1
1820,United Kingdom,2
1813,Canada,1
1813,United States of America,1
1813,United States,15
1813,Georgia,1
1813,United Kingdom,2
1814,United States of America,1
1814,United States,2
1814,Russia,1
1814,United Kingdom,2
1815,United States of America,1
1815,United States,9
1815,United Kingdom,2
1816,United States of America,1
1816,United States,12
1816,Mexico,1
1816,United Kingdom,2
1809,United States of America,1
1809,France,1
1809,United States,10
1810,United States of America,1
1810,Spain,1
1810,France,3
1810,United States,11
1810,United Kingdom,2
1811,United States of America,1
1811,France,4
1811,United States,14
1811,Sweden,1
1811,Russia,1
1811,Denmark,1
1811,United Kingdom,2
1812,Canada,4
1812,United States of America,1
1812,France,1
1812,United States,6
1812,Sweden,1
1812,Russia,1
1812,Denmark,1
1812,United Kingdom,2
1805,Spain,2
1805,France,1
1805,United States,1
1805,Georgia,1
1806,United States of America,1
1806,Spain,4
1806,France,2
1806,United States,8
1807,Spain,1
1807,United States,4
1808,Spain,1
1808,France,3
1808,United States,8
1808,United Kingdom,2
1801,United States,1
1802,United States of America,1
1802,France,1
1802,United States,1
1802,Georgia,1
1803,United States of America,1
1803,France,1
1803,United States,5
1804,United States of America,1
1804,Spain,2
1804,France,1
1804,United States,2
1797,United States of America,1
1797,Spain,3
1797,France,2
1797,United States,18
1797,United Kingdom,2
1798,United States of America,1
1798,Spain,3
1798,France,10
1798,United States,14
1798,United Kingdom,2
1799,United States of America,1
1799,France,1
1799,United States,10
1799,United Kingdom,2
1800,Germany,1
1800,France,1
1800,United States,7
1800,United Kingdom,2
1793,France,1
1793,United States,22
1794,United States of America,1
1794,United States,15
1794,Georgia,1
1795,United States of America,1
1795,United States,5
1795,Georgia,1
1795,Morocco,1
1795,United Kingdom,2
1796,Canada,1
1796,United States of America,1
1796,Spain,2
1796,Indonesia,1
1796,United States,16
1796,Georgia,1
1796,United Kingdom,2
1790,United States,4
1790,United States of America,1
1790,United States,2
1791,United States,16
1792,United States,5
